id,lastname,firstname,address
189097218160870,Fournier,Martine,"509, avenue de Duhamel 51765 Lejeune"
143032227863658,Dias,Jules,"310, rue Bonneau 97271 Marchal-sur-Roche"
228091803319805,Guilbert,Valentine,"4, boulevard de Hamel 80407 Rivière-les-Bains"
127094101870013,Rolland,Jacqueline,"5, rue Bouvet 13964 Labbé"
265038212151705,Lemaire,Michelle,"8, boulevard de Gomez 13188 Langlois"
125112227865480,Laine,Isaac,"2, chemin de Marques 85739 Saint Éric"
120114809586948,Sauvage,Michelle,"93, boulevard de Renault 41911 Saint Victor"
134012808589714,Salmon,Gérard,boulevard Guyon 91926 Lebreton
216032123155239,Rodrigues,Virginie,rue de Regnier 12515 Sanchezboeuf
146028400746622,Rolland,Nathalie,"45, chemin Corinne Adam 44165 Menard-la-Forêt"
147071601527792,Pons,Caroline,"7, avenue Renaud 70349 Maury"
233092227804620,Gomez,Gilbert,"59, rue Margot Garnier 43440 Rodrigues"
269069205088093,Lévêque,Benoît,chemin Théophile Boyer 94953 Faivre
200121411815296,Martinez,Charles,"39, rue Claudine Boutin 09901 Saint Alexandria-sur-Mer"
142049730297942,Vaillant,Marie,"85, boulevard Laine 32398 Sainte Tristandan"
256092505685408,Voisin,Véronique,"70, chemin de Neveu 76234 Philippe"
116104900705962,Bouchet,Marianne,"1, rue Paulette Noël 36473 Saint Anne-la-Forêt"
180010240841521,Guyot,Denise,"33, rue Leclercq 37727 Joubert-sur-Weiss"
192023201312413,Ledoux,Céline,"51, rue Marcel Cousin 62159 Louis-sur-Bigot"
170015819485037,Gaillard,Renée,"5, boulevard de Regnier 32245 Launay-les-Bains"
272018708529026,Renaud,Édith,"105, avenue Teixeira 54139 Saint Thérèsedan"
273072432292840,Toussaint,Adèle,"7, rue Gautier 12248 Baudry-sur-Ledoux"
282013018918104,Le Gall,Zacharie,"77, rue de Marion 61515 Reynaud-la-Forêt"
173128816024805,Hardy,Capucine,"96, avenue Hardy 10417 Lebon"
200020240845287,Guibert,Laure,"91, rue Guyot 82433 Antoine"
210054019229122,Aubert,Marie,boulevard Mary 09171 Vallée
117123818513864,Normand,Dominique,"3, rue Rossi 70953 Saint Isaac"
240114410975581,Barthelemy,Frédéric,"1, rue de Riou 97217 Saint Jeannineboeuf"
214085110847075,Roger,Laetitia,"407, chemin de Muller 42157 Grondin"
130085935060275,Antoine,Thibault,chemin Munoz 23976 Leleuboeuf
113099761181305,Sauvage,Alexandria,rue Sébastien Moreno 03342 Dupuy-sur-Mer
240094523485156,Laroche,Camille,"679, avenue Andre 13512 Sainte Inès"
182058619440476,Bouvier,Adrienne,"89, rue de Gimenez 19727 Petitboeuf"
289127055085260,Guillaume,Margaud,"69, rue Françoise Leclerc 67265 Le Gall-sur-Pineau"
181129550028947,Monnier,Vincent,"84, boulevard de Vasseur 72554 Menard-sur-Fabre"
270114900768455,Gay,Anne,"183, chemin Hervé 83358 Colinnec"
162035626081525,Bailly,Olivie,"45, chemin Bigot 02541 Buisson-sur-Pages"
103117864658227,Perret,Camille,avenue Honoré Duval 43492 Gilletboeuf
164057055082883,Dumont,Hélène,"25, rue Hardy 47200 Fabrenec"
144013930041252,Fabre,Élisabeth,"33, avenue Hélène Lecomte 65119 Marie"
209019730273163,Lagarde,Marthe,"94, rue de Briand 29562 Moulin"
101083018982893,Pascal,Henri,boulevard de Joubert 23552 Sainte Yves
112096005759444,Lacombe,Paulette,"7, avenue de Bertrand 25954 Jacquet"
104042722984210,Roger,Arnaude,rue Perez 20898 Marty
292061220278556,Reynaud,Noël,"74, avenue Ramos 33214 Goncalves-sur-Mer"
133074809549413,Mahe,Michelle,"2, rue Seguin 62629 Bouchet"
171101220256066,Fouquet,Dominique,"623, chemin Vincent Ledoux 29138 Saint Patrick"
130022309643805,Marie,Alphonse,"9, avenue Frédéric Masson 13740 Perret"
170049761145710,Tanguy,Adrienne,"991, rue de Dupré 39358 Jacobboeuf"
291123523839356,Boucher,Jacques,"367, rue Benjamin Dupuis 61942 RouxBourg"
186011220231019,Boulanger,Jacqueline,"102, rue de Petit 76616 Saint Louisenec"
146125439586610,Cordier,Bernard,"291, boulevard Denis Dupré 23854 Étienne-sur-Moreno"
223071927240292,Henry,Benjamin,"12, chemin de Garnier 97164 Laurentdan"
168124101860686,Besnard,Honoré,"47, rue Christelle Chrétien 59321 Prévost"
129069550039070,Laporte,Jérôme,"27, avenue de Lesage 24526 Faivrenec"
295116613651208,Jacquet,Benjamin,"11, rue Augustin Royer 17155 Dumas"
189022722908265,Girard,Daniel,chemin Stéphanie Leclercq 38882 Rousset
233079122836978,Texier,Martin,"125, rue David Sauvage 67303 TanguyBourg"
125120718613891,Rémy,Monique,"84, rue Lefort 68577 Navarro"
182054700173589,Gosselin,Constance,"290, boulevard Gillet 17674 Morel"
203084410969860,Masson,Amélie,chemin Lévy 30566 Huet-sur-Lelièvre
213056005767393,Joseph,Lucas,"8, avenue Blin 82746 Saint PierreVille"
107030810518779,Regnier,Clémence,"36, boulevard Petit 36151 Blanchard"
280126444541282,Clément,Alphonse,"93, boulevard Anouk Delaunay 63143 Rodrigues-sur-Pichon"
255011106972051,Chauvin,Françoise,"2, rue de Guichard 24347 Masse"
186056100154197,Bernard,Alex,"22, rue de Alves 66930 Chauvet"
111010407027449,Charles,Honoré,"21, rue Bernard Briand 11817 Besnardboeuf"
181073417265926,Dijoux,Adrien,"57, boulevard de Vallée 06197 Macenec"
198032309673479,Hebert,Mathilde,avenue Marc Gomes 58970 Raymond-sur-Ruiz
272127127070997,Brunet,Christophe,rue Marine Legrand 49350 Allain
219123155501886,Mallet,Gabriel,boulevard Pénélope Gonzalez 44727 Saint GabrielBourg
213101501483096,Boulay,Élodie,"45, avenue Marcel Charles 67992 Philippedan"
200081106953338,Duhamel,Audrey,"513, boulevard Nguyen 59884 Masse-sur-Descamps"
197023726185102,Vidal,Laure,"86, rue Simon 36405 De Oliveira-sur-Roy"
106071038773257,Leclercq,Augustin,"40, rue Valette 17345 Rouxnec"
175058313794619,Schneider,Guy,chemin Gosselin 92601 LeblancBourg
236027218126040,Lacroix,Guillaume,"73, rue Samson 01971 Saint Antoine-sur-Mer"
243019205004684,Robert,Gabrielle,"84, boulevard Michèle Mathieu 82935 Sainte Marthe"
216065212128207,Bouvier,Alix,rue Perret 91138 Saint Corinne
168119550010873,Joseph,Christelle,"17, avenue de Bruneau 50809 Masseboeuf"
108011411800318,Clément,Constance,"356, rue Navarro 01167 Lebreton-sur-Morin"
226124410994610,François,Dominique,"7, boulevard Charrier 53107 Leroux"
262047401088647,Jourdan,Édouard,rue Gérard Clerc 21776 Saint Jacqueline
209129550003001,Bonnin,Franck,"90, avenue Marine Wagner 41257 Benoitnec"
277128519179017,Blanchard,Anouk,"1, rue Seguin 21151 Sainte MargaretBourg"
167056912344858,Raynaud,Margot,"33, rue Patrick Mace 77859 Laporte"
208100105382935,Charpentier,Valérie,"1, rue Élisabeth Grenier 02118 Sainte Hugues"
123087728887861,Durand,René,"44, rue de Auger 42958 Hamon-la-Forêt"
146056100117003,Mahe,René,"78, boulevard Vincent 79689 Morvan-sur-Leclercq"
196102722999504,Renard,Anaïs,chemin Margot Léger 29315 Hardyboeuf
215096912375285,Mallet,Françoise,"80, boulevard Éric Weiss 41511 Saint Élisabeth"
275127919187892,Monnier,Louise,"93, boulevard Bernadette Riou 55837 Sainte LouisVille"
180033201304220,Le Gall,Grégoire,"13, rue Tanguy 45999 Techer"
269017401069640,Fournier,Andrée,"86, avenue Guillet 78127 Saint Émile"
157065212154516,Paris,Charlotte,"9, rue Valentin 46764 Lemaîtreboeuf"
246014809573358,Petitjean,Zacharie,"73, chemin Rémy Roussel 19998 Bessonnec"
249072636294146,Perrier,Claudine,"850, avenue Faure 97255 Pineau"
274028708514490,Giraud,Élise,"10, boulevard Antoinette Barthelemy 85829 Neveu"
115084900766060,Merle,Alain,chemin de Georges 78386 Vincent
282081501430917,Ribeiro,Margaret,"289, rue Grégoire Teixeira 76957 Michel-la-Forêt"
230060718671989,Maillard,Édouard,"511, boulevard Lamy 41415 Marchalnec"
145074700196060,Roussel,Arthur,"176, rue Isaac Guilbert 76696 Sainte Gilbert"
102050912258206,Lagarde,Pénélope,"7, avenue Ledoux 03539 Gillet-la-Forêt"
231037306541015,Adam,Jeanne,"61, boulevard de Lombard 68247 Mary"
292036311372996,Gérard,Benjamin,"21, rue Inès Masson 77872 Tanguy"
219043523861434,Carlier,Sylvie,chemin de Cordier 94720 Bruneau
221062123105350,Jacob,Zacharie,rue Robin 69761 Guérin-sur-Breton
255081411863456,Poirier,Margaux,"372, avenue Coste 78923 Sainte Louise"
228113201332634,Perrin,Caroline,"91, rue de Ollivier 09783 Leblanc-les-Bains"
263091730024557,Albert,Aurore,"21, rue de Guillaume 26661 Schmittboeuf"
278112227885347,Mercier,Gabriel,"96, rue Bourdon 43878 Saint Arnaudeboeuf"
109059741185185,Rodriguez,Jacqueline,"81, avenue de Marie 72169 Valentin-sur-Wagner"
136048902442438,Neveu,Capucine,rue Océane Bonnin 09285 Saint Alix
285113018955135,Sauvage,Christine,"66, boulevard Leblanc 91812 ChartierVille"
239124809512323,Moulin,Célina,"54, boulevard Bourdon 40140 Chauvin"
142066444584807,Lucas,Auguste,"66, chemin Antoine 97172 Bègue"
243126544072952,Ferrand,Jérôme,"53, rue de Chauvet 08539 Sainte Gilles-sur-Mer"
164056005736685,Mallet,Claude,"8, rue Vincent Lenoir 53759 Robertboeuf"
179085439516696,Colin,Michelle,chemin Pierre Guyot 70630 Thomasdan
173018619481146,Collin,Éric,"57, boulevard de Blot 06351 LombardVille"
275022505624361,Besnard,Isaac,"7, rue Dubois 77541 Morindan"
159028902433238,Hardy,Aurélie,"28, boulevard Clémence Gallet 95940 Aubertdan"
139116613644952,Lejeune,Marcel,"92, rue de Martins 76880 Julien"
269094809555216,Lacroix,Martin,rue de Denis 23300 ThierryVille
209049761127329,Brunel,Dorothée,"84, boulevard François 89271 Allain-sur-Bousquet"
168054410980766,Ollivier,Stéphane,"766, avenue de Bègue 16536 Mercier"
174014900725878,Dupuy,David,"82, avenue Michèle Normand 04191 Rivière-sur-Allard"
247092505679028,Legros,Lucy,rue Jacquot 57775 Petitjean
239069122899515,Meunier,Anne,rue Noémi Fleury 11303 Boyer
283051411874973,Gros,Alfred,rue de Rocher 97615 Lefebvrenec
298062123136044,Delaunay,Michel,"602, chemin de Chevalier 49560 Saint Juliendan"
215099741171934,Benard,Yves,"71, rue de Garnier 79148 Faure-sur-Chauvet"
136067654096022,Bigot,Inès,"646, rue Isabelle Turpin 12163 Duval"
277013306343112,Charrier,Arnaude,boulevard Marguerite Lecoq 68937 Pineauboeuf
273053523877952,Torres,Claude,"12, chemin Virginie Wagner 14521 Olivier"
129110506198622,Pons,Éric,boulevard Pruvost 45967 Dufour-les-Bains
142011730062249,Rocher,Françoise,"57, chemin de Chauvin 69557 Arnaud-la-Forêt"
212099001025956,Gosselin,Chantal,rue Nathalie Léger 17860 Saint Emmanuel-la-Forêt
265105819403923,Gros,René,"79, avenue Céline Andre 82671 Goncalves"
291095110894514,Dubois,Christophe,"948, boulevard Françoise Navarro 30302 Olivier"
259045819440153,Chauvet,Benoît,"79, boulevard Michel Fontaine 37680 Dijoux-la-Forêt"
218040319075020,Boucher,Diane,"32, rue Jeanne Devaux 28547 Chauvet-sur-Courtois"
140016005704365,Lamy,Claude,"7, avenue Victor Fischer 97116 Lambert"
143091601584444,Barbe,Maurice,"44, boulevard Cordier 23986 Thomasnec"
240045313006280,Menard,Claire,"164, rue Carpentier 71967 Ledoux-sur-Mer"
298046311391619,Richard,Isabelle,"237, rue Sébastien Rousset 65268 Saint Astrid"
148038708516056,Pineau,Hugues,"1, avenue de Grenier 53242 DelannoyBourg"
225090407075329,Renault,Paul,"10, rue Louise Gosselin 49451 Rossi"
264065313036687,Dufour,Philippe,"7, rue de Dumas 20209 Saint ArnaudeVille"
163074700149927,Marty,Margaux,"50, rue Briand 01722 Simon"
129111601546871,Dijoux,Bernard,"9, avenue Cordier 71307 DupuisBourg"
154018902486327,Moreau,Juliette,"40, chemin Emmanuel Dufour 36425 Hervédan"
207109741197391,Bouvier,Dominique,"8, rue de Hoareau 75887 Saint Étiennenec"
181010319040001,Reynaud,Richard,"90, chemin Bernier 34823 Tanguy"
205026100123902,Dumas,Chantal,"1, chemin de Schmitt 72906 Marin"
155034315746684,Lacroix,Thibault,"77, avenue Richard Renault 65743 Gérard"
121123306365740,Daniel,Michelle,"73, rue Roche 07455 Leclercq"
102115819451482,Jacques,Nath,boulevard Bertin 48672 Colas-sur-Mer
228079761135633,Boutin,Édouard,"234, avenue Goncalves 13703 Labbé-sur-Blondel"
240109122810547,Clément,Stéphanie,"258, rue Giraud 84669 Teixeira-les-Bains"
109023604438367,Masson,Françoise,"192, avenue Martin 77486 Lebreton"
132048100460890,Peron,Céline,"730, avenue Alexandre 13348 Denis-la-Forêt"
269046100108064,Michaud,Bertrand,"3, rue de Andre 84499 Coulon"
213037864605679,Maury,Grégoire,"9, chemin Marin 97278 Fernandez-sur-Mer"
250061038736248,Gallet,Jeannine,boulevard de Navarro 67475 Laurent
111092808581095,Carre,Nicolas,"63, avenue de Guillot 41998 Saint Victoirenec"
138036005747059,Roux,Gérard,"71, boulevard de Maillot 78698 JourdanVille"
187031501494774,Delorme,Valentine,"95, rue Schneider 38639 Joubert-sur-Mer"
113116204194802,Louis,Margaud,"33, rue Céline Becker 40350 Pierre-sur-Pineau"
128051927262629,Adam,Alex,"5, boulevard de Garnier 19467 DurandVille"
201084523485309,Lecomte,Alice,"380, avenue Reynaud 37347 Klein-la-Forêt"
211094410921273,Pascal,Thomas,boulevard Philippine Lemoine 01108 Saint Julie
298039730222622,Rousseau,Alain,rue Yves Jacob 39255 Moulin-sur-Mer
177096806600269,Dubois,Alain,rue de Chartier 71178 Boulay
127026912303951,Fernandes,Susan,"96, rue Baron 74423 Rivièredan"
268068902414094,Briand,Dorothée,"128, chemin Élisabeth Collin 07978 Sainte Aurore"
289112923215539,Baron,Monique,"155, rue Nicolas 61533 Bouvier"
241024809571942,Bernier,Paul,"32, boulevard de Le Gall 64467 Rémy"
180063818591383,Camus,Paulette,"9, avenue Simone Pichon 84871 Moreno"
203044101812582,Clerc,Alix,"13, avenue Michel Lenoir 93256 RouxBourg"
265107401027921,Giraud,Isaac,boulevard de Ribeiro 56883 Sainte Luce-la-Forêt
224055502937551,Huet,Marthe,"73, chemin de Pierre 54824 Guillot"
141117218162017,Peltier,Camille,"57, chemin Denis Chrétien 10189 Bertrand-sur-Mer"
288109741173942,Fernandes,Sabine,"8, rue Alexandria Blanchard 15210 Masson"
233042505600957,Pinto,Isaac,boulevard Adrienne Prévost 77170 Regnier-la-Forêt
214111038782967,Pierre,Chantal,"873, rue Bouvier 02860 Saint AlphonseVille"
225062227899594,Couturier,Margot,"4, rue de Humbert 50195 Guillet-les-Bains"
136106613637266,Camus,Marcel,"59, rue de Collet 32255 Sainte Maryse-les-Bains"
281074604247748,Boyer,Eugène,"49, avenue Simone Valette 97375 Saint Gérard"
134070319033243,Guillou,Claire,"67, rue de Lemaître 37216 Julienboeuf"
177024523448304,Barthelemy,Astrid,"63, avenue de Daniel 19954 Hamondan"
189104523473865,Bonneau,Auguste,"16, rue de Robin 19449 Gillet"
120056806615130,Robert,Océane,rue Mercier 51871 Schneidernec
173069710529013,Coulon,Simone,"69, rue Maillot 49831 Jourdan-sur-Gros"
269097127010623,Richard,Agathe,"4, chemin Joly 97137 Lesage"
283079001053750,Regnier,Étienne,"494, avenue Christine Thierry 61912 Besnarddan"
168127218107729,Peltier,Adélaïde,"33, rue Duval 95339 Courtoisdan"
184070810545282,Potier,Auguste,"19, rue Nicolas 66609 Saint Gilles"
127077306556870,Coste,Jules,"5, rue Carre 36543 Chrétien-sur-Mer"
227032123193884,Lucas,Martin,"93, avenue Lacombe 08116 Allard"
145067728802102,Lecomte,Élisabeth,rue de Nguyen 67657 Benoit
280075626092517,Dias,Josette,"873, boulevard Delmas 37988 Weiss"
201038619427617,Lelièvre,Roger,"85, rue de Foucher 37486 Blancboeuf"
173051106948107,Potier,Adélaïde,avenue Briand 97234 Guillaume
280129205073685,Pichon,Agnès,"21, chemin de Buisson 13365 Lemaire"
157099730263621,Pelletier,Jeannine,"5, boulevard Lemaître 87736 Jourdan"
287097218150428,Millet,Auguste,boulevard de Roger 87554 Joubert-sur-Diallo
188125626052855,Wagner,Guillaume,"66, rue de Riou 94683 Da Costa"
290066912374357,Guilbert,Nicolas,"69, chemin de Bertin 55144 Clément-la-Forêt"
134091730035758,Bruneau,Philippine,"4, boulevard de Dufour 79725 Ferranddan"
125022309665137,Regnier,Luce,"1, avenue de Marchand 42940 Guibert"
274062722929915,Garcia,Noémi,rue Marguerite Thibault 80466 Pottier-sur-Martel
253044700124789,Thibault,Margot,rue Humbert 22139 Collet-les-Bains
127086204159410,Denis,Noël,"74, rue Le Goff 59226 Lecontenec"
200017218155538,Lagarde,Margaux,rue Antoinette Rousset 47495 GauthierVille
195100407034481,Pottier,Monique,"512, chemin Leroy 93892 Saint SusanneBourg"
182094315714947,Robert,Michel,"28, avenue Amélie Guillaume 83876 Saint Christiane"
112039550074515,Rousseau,Vincent,"90, avenue de Morin 92785 Marques"
162093201354114,Grondin,Bernadette,"87, rue de Lecomte 09581 Paul"
224081411884308,Chartier,Claudine,"60, rue Michelle Becker 14495 Meyernec"
193026912351329,Berger,Margaret,rue de Huet 87142 Meyer-sur-Mer
212098519120256,Samson,Théodore,"18, rue de Michel 85908 RoussetVille"
102053604474893,Mendès,Françoise,"36, chemin de Arnaud 33364 Saint Alain"
195042123159769,Henry,Lucie,rue Virginie Marion 62296 Marindan
137104410960128,Vallet,Jacques,"92, rue de Lévy 34106 Sainte Christiane"
127114523416407,Gallet,Élisabeth,"79, rue de Morin 80830 Ribeiro-les-Bains"
150026544037649,Lopes,Michelle,avenue de Jacques 33435 Marinboeuf
230015439521060,Perret,Martine,"67, boulevard de Guyon 87712 Lelièvre"
169082309604835,Caron,Michèle,"53, avenue Thérèse Étienne 05251 Bourdonboeuf"
291086100192944,Legendre,Jacques,"884, rue René Bazin 45664 Ferreira-sur-Renard"
117056806630226,Neveu,Michèle,"52, avenue de Muller 53474 Mendèsdan"
232123201325621,Mallet,Andrée,"82, rue de Costa 28489 Huet-sur-Lombard"
239106444501729,Rolland,Odette,"23, rue Hubert 71317 Poulain"
219042923269009,Rodriguez,Margaret,"51, boulevard Henriette Descamps 17173 Guérin-sur-Mer"
260077654096073,Fouquet,Luce,"92, avenue Bertin 20216 Robert-sur-Mer"
169126806682376,Maury,Jean,rue Honoré Le Gall 73500 Gimenez
247036204117102,Camus,Dorothée,"2, avenue Chevalier 33763 Rossi-sur-Mer"
278127505646257,Giraud,Victoire,"779, rue Morel 75286 Peltier"
224016311318857,Dumas,Odette,"35, boulevard Éric Charpentier 17817 Saint Tristan"
158100718628046,Barbe,Margaret,"54, rue Delaunay 47928 Saint Jeannedan"
272082227878174,Lemaire,Jeanne,"220, boulevard Laine 04275 David"
216123018943754,Rossi,Christine,"37, chemin de Gosselin 77717 Grondinnec"
224083930059934,Delorme,Alexandre,avenue Menard 67848 Sainte Philippine
228081038725702,Reynaud,Laurent,"35, boulevard Lebrun 23431 JourdanBourg"
221071305587683,Carpentier,Bernadette,"59, boulevard Michèle Rey 32309 Guillot-la-Forêt"
244126204101660,Bouchet,Bernard,"1, boulevard Aurore Duhamel 16496 Lebreton-sur-Humbert"
107122505699736,Lopez,Sébastien,"99, rue Margaret Legendre 97494 Lebreton"
298013201329465,Rey,Luce,"16, avenue Benoit 67916 Gomes"
299128002169895,Dias,Timothée,"82, avenue Pénélope Poulain 67723 Saint Lorraineboeuf"
190067401093566,Morel,Céline,"63, boulevard Astrid Guyon 08196 Sainte Jeannine-sur-Mer"
243080810506717,Courtois,Étienne,chemin Adrien Mercier 71256 Delorme
207074604288565,Dupré,Isaac,"54, rue Ferrand 87986 Sainte Bernadette-la-Forêt"
295052505685965,Dupuy,Laure,rue Boulanger 15899 Rossi-sur-Mer
233099720923768,Durand,François,"21, rue de Guichard 50826 Allain"
280109741147717,Lebrun,Maggie,"96, boulevard Colas 69326 Delannoy"
161061927262578,Coste,Valérie,chemin Camille Barbier 50634 Delahaye
113109001080116,Perret,Sophie,"51, boulevard Torres 54122 Merle"
136097654058359,Gomez,Adrienne,"26, rue Alice Bouchet 80195 LopezVille"
249023155528334,Fischer,Juliette,"10, chemin Delahaye 11321 Fouquet"
283114900791857,Da Costa,René,"404, rue Rémy Aubry 78680 Pereira-sur-Guilbert"
157127505694967,Evrard,Danielle,"64, rue René Lefebvre 03139 Evrard-sur-Mer"
234035502943254,Dubois,Dorothée,"9, chemin de Jacob 02797 Meyer"
149094410907349,Pierre,Alfred,"21, rue Matthieu Petit 56959 Maurynec"
136105110801519,Meunier,Élodie,"40, rue Suzanne François 64132 SalmonVille"
119104410921139,Antoine,Xavier,"53, chemin Patricia Leroux 50335 Descamps-sur-Menard"
193085746392522,Sauvage,Stéphanie,"978, rue Lebreton 97274 Rivièrenec"
163020319095058,Léger,Sophie,"38, boulevard Marie 45395 Saint EugèneVille"
168052123192117,Gillet,Sabine,"844, boulevard Petit 59560 Sainte SylvieBourg"
291121803326503,Pelletier,Olivie,"7, chemin Ferrand 97280 Saint Noël"
203015935012861,Leclercq,Bernadette,"97, boulevard Valérie Deschamps 49150 Sainte GilbertVille"
247089741122412,Bodin,Marine,"39, boulevard de Blanc 48332 Brunel"
268078002192447,De Oliveira,Paulette,avenue de Leduc 36598 Samsondan
291095502983954,Roussel,Claude,"94, chemin Laurent 58423 Jacquet-sur-Legros"
192063818589496,Delannoy,Margaud,"36, boulevard Gay 80501 Petit-sur-Coste"
138091601558761,Picard,Simone,"28, chemin Élisabeth Didier 16239 Evrard"
152089402843225,Perrot,Gabrielle,rue Jacquot 40936 Raynaud
220124900745336,Lecomte,Isaac,"92, avenue de Girard 14118 PereiraVille"
252056912339223,Grégoire,Zacharie,"75, avenue Michelle Rodrigues 88465 Roussel"
248028400772701,Lemonnier,Laure,"5, rue Hervé 49516 Ferrand"
216106544095352,Cohen,Agathe,"37, chemin de Auger 64620 Saint AdélaïdeBourg"
228033018959339,Mace,Étienne,"1, boulevard Bouchet 97693 Saint Sabine"
175106806619290,Legros,Philippe,"182, chemin Maryse Prévost 29210 Rossi"
107120105344961,Reynaud,Charles,"39, boulevard de Vaillant 58127 Delmasboeuf"
188113930032088,Seguin,Richard,chemin Martine Vasseur 40647 Normand
242033306366273,Marques,Marcel,"559, chemin Corinne Thibault 25785 Bourgeoisdan"
208026311356988,Gauthier,Lucy,"69, rue Henriette Clerc 34510 Letellier-les-Bains"
133043018998946,Blondel,Aurore,"4, rue Théophile Becker 19386 Dupuy"
150010240866379,Martel,Laetitia,"50, rue de Monnier 45679 Collin-sur-Pichon"
285052923223361,Leconte,Adèle,rue de Munoz 87224 LejeuneBourg
187013726127582,Dupuy,Christine,"208, avenue Luc Mendès 53787 Bourgeois"
170045313007307,Marty,Susanne,"1, chemin Bonnin 72378 Le Goffboeuf"
179034221800291,Bouvier,Henriette,"57, rue Grégoire Antoine 21185 Larocheboeuf"
107054809563349,Lemonnier,Thibaut,chemin Gilbert Bailly 91241 Perrier
294034523404857,Teixeira,Geneviève,"8, rue Julien 35730 Mailletnec"
156050718628361,Tanguy,Théophile,"328, chemin Guibert 56146 LarocheBourg"
233011305507011,Peron,Xavier,"3, chemin Hortense Vallée 65518 Barbier"
294013306302174,Caron,Maggie,"259, rue de Laurent 92459 Merle"
106061803396032,Munoz,Dominique,"59, rue Lefebvre 41586 Berger"
106113930091816,Baudry,Bertrand,"67, boulevard Carre 16840 Lemonnier-la-Forêt"
276041220293774,Blot,Laure,"3, rue Isaac Barthelemy 50981 Delorme-la-Forêt"
208012636234632,Aubert,Augustin,"217, avenue Barre 18248 Girard"
172088100491521,Adam,Alex,"8, rue de Robin 56170 Barbier"
124034700135182,Meunier,Laurent,"37, rue de Barbier 67718 Guilbert"
108022808544609,Tessier,Zoé,"28, avenue Dias 14149 Saint Nicole"
120024101821451,Lamy,Marcelle,"958, boulevard de Lemoine 74394 Legros"
246059001079719,Hardy,Philippine,"7, rue Bousquet 34827 Marion"
229014019279179,Fernandez,Paul,"1, rue Augustin Bouvet 02329 Guillou"
157071411858541,Hamel,Alex,"264, boulevard Paul 19228 David-les-Bains"
181125626085472,Lombard,Adrien,"91, boulevard de Leblanc 31442 Sainte Élisabethnec"
251029710547417,Gay,Arnaude,"996, avenue de Sanchez 45717 TecherVille"
292124700143162,Joly,Alphonse,"47, rue de Lucas 43789 Renault"
144014315733939,Bonnin,Honoré,"36, rue de Mallet 81587 Dumas"
150117919150476,Sauvage,Mathilde,"467, boulevard Hamon 13776 Bodin"
185049001087997,Moulin,Alexandria,"89, avenue Guilbert 39923 Ruiz"
271025313047952,David,Isabelle,"55, chemin Gilbert 07514 Robert"
293054900754538,Auger,Luc,"1, rue Bouvet 90944 Saint Alice"
176064809519928,Bertin,Thomas,"90, chemin Valette 41610 Leclercqdan"
273040319087117,Allain,Alain,"85, boulevard Courtois 11741 Maillet"
107044019221288,Da Costa,Eugène,"49, rue de Auger 21778 Carpentier"
238032123158097,Labbé,Valérie,"12, chemin Leroux 58730 LamyVille"
244092808579592,Duhamel,Marcelle,"87, rue Vincent Bernier 87616 Perrot"
293054315771490,Gauthier,Véronique,"78, boulevard Leduc 37932 Mercier-sur-Bertrand"
163125626051829,Fournier,Louis,"315, rue Lemaire 56393 DuboisBourg"
145032636221482,Da Costa,Hélène,"91, rue de Duhamel 24844 Sainte ArthurVille"
122092432286664,Rousseau,Aurélie,"69, chemin Hortense Robert 80735 Maury"
250095110841630,Chrétien,Jeanne,"962, avenue Gimenez 25644 Saint Jacqueline"
228052432252002,Cousin,Olivier,"82, avenue de Robert 65459 Lopez"
224061803391023,Torres,Élisabeth,rue de Fleury 35885 Moreau-sur-Bailly
110109710591418,Alexandre,Noémi,"79, rue Fontaine 94190 Breton-sur-Faivre"
267123523832440,Seguin,Marguerite,"625, rue de Chrétien 04978 Muller"
196050810533663,Leroux,Arnaude,"33, rue Victor Muller 66785 Hebert"
259088100487962,Jacques,Richard,boulevard Salmon 61787 Martinez
122056613649267,Baron,Danielle,"276, boulevard Roche 35254 Sainte Margaud"
119121305542187,Guilbert,Franck,avenue Guyot 92823 Foucher
132097654022036,Gros,Alfred,"4, rue Muller 10767 Henry"
116031038703011,Hoarau,Olivie,"467, rue Lefort 24482 Carre"
266125746310149,Morvan,Margot,"7, rue de Maillot 54641 LejeuneBourg"
162118002172869,Evrard,Martin,"99, chemin Marcelle Cousin 87549 Mallet-sur-Thomas"
111025746359011,Maury,Élise,"16, boulevard Blin 16867 Marques"
162033306336819,Regnier,Lucie,"89, boulevard Claire Le Gall 06951 Fouquet"
270102808557128,Laporte,François,"41, rue de Martins 24517 Tanguy"
218121220281166,Bodin,Étienne,"27, chemin Alix Dijoux 71330 DelaunayBourg"
184074315787465,Dupont,Marc,"37, chemin Corinne Seguin 86307 Bernardnec"
231072808562789,Jacques,Gilbert,"662, rue Gomez 23923 Saint Hugues"
231045502907688,Bourgeois,Lorraine,rue de Weber 64712 Pons
293075212108734,Roussel,Tristan,"651, boulevard Anouk Lefebvre 97194 Valentin"
295043726128665,Laroche,Antoinette,"43, avenue Peron 50990 Besson-sur-Jean"
141071927271811,De Oliveira,Xavier,"9, rue Bouvier 16885 Delannoy"
134013306386190,Blot,Thibaut,"61, avenue Aurélie Delahaye 15125 Sainte Deniseboeuf"
162105819474992,Martineau,Vincent,"65, chemin de Gay 55586 Da Silva-les-Bains"
137022923259021,Guillou,Sophie,"908, boulevard Lebon 97235 Peltier-sur-Klein"
239097505615890,Dumont,Andrée,avenue de Vaillant 97468 Saint Marine
213026444507253,Bigot,François,"30, boulevard Letellier 72792 Torres-sur-Lévy"
258010608893728,Schneider,Luc,"873, avenue Isaac Jacob 23501 Jourdan"
162063818583573,Charpentier,Xavier,"7, rue de Cohen 97331 Saint Gabriel"
186057919175896,Guillaume,Gabrielle,"13, boulevard Humbert 48324 Chauvinboeuf"
212105313005404,Marie,Arthur,"8, avenue Louise Marion 52487 Martydan"
148051305510930,Tanguy,Marguerite,chemin Jacqueline Rousset 34200 Bigot-les-Bains
291035626016775,Mahe,Théophile,"845, avenue Rey 46477 LeclercBourg"
149040718608108,Maréchal,Alain,"27, avenue Charlotte Rousset 39287 Lebon"
166074221851189,Guyon,Gabriel,"9, avenue Nathalie Marchand 78555 NormandBourg"
110057505626235,Ledoux,Hélène,"69, chemin de Evrard 71795 Huet-la-Forêt"
296061803359907,Auger,Thomas,"25, rue de Marin 43826 Blondel"
194072227870873,Maréchal,Zacharie,"87, boulevard de Poirier 60467 Rolland"
230019710508264,Neveu,Éléonore,"83, rue Daniel 25501 Berthelot"
103046806661295,Lacombe,Alfred,boulevard Tristan Renard 05974 Dumontboeuf
134117127007904,Valette,Luce,"929, rue Augustin Georges 48572 Vidal"
271095502981093,Bourgeois,Christine,"756, avenue Claude Guillaume 46951 François-sur-Hardy"
192103523855458,Marion,Jérôme,"660, avenue Gautier 29680 Delorme"
153085626024747,Rousset,Alice,"45, boulevard Charles Diaz 84245 Allain-sur-Masson"
105017127024829,Ferreira,Marguerite,"8, rue de Brunel 97263 Sainte Henrietteboeuf"
179094221808903,Mallet,Nicolas,"204, rue de Raynaud 62573 Torres"
223070912200521,Boutin,Édith,"57, chemin de Lévy 42531 LebretonVille"
258059710528706,Grenier,Madeleine,"50, rue de Rivière 73460 Faivre-sur-Mer"
295124700183989,Roux,René,"62, rue de Brunel 64405 Allard"
200044900763131,Lesage,Anaïs,"4, chemin Rey 14913 Saint Hugues"
284019741131137,Duval,Émilie,"24, chemin de Lacroix 76561 Lamy"
168069741109701,Peltier,Capucine,"58, boulevard Pruvost 37148 Robin"
269058519194149,Blanchet,Adélaïde,"63, chemin Grondin 46770 Rollandnec"
205089730291095,Thierry,Charles,"42, rue Michel Delattre 71888 Saint GeorgesVille"
139127919194296,Laurent,Françoise,"55, chemin Andre 09782 Saint Guy"
183023201311674,Bailly,Adélaïde,"387, boulevard de Descamps 80163 Jacob"
101075935010141,Dos Santos,Alexandrie,rue Édith Duval 08124 Coulonboeuf
144046444531126,Bruneau,Célina,"33, rue Da Silva 62154 Sainte Colette-les-Bains"
153099720941131,Gosselin,Honoré,"1, rue Théophile Joseph 43201 François-les-Bains"
242064900793034,Fischer,Isaac,"49, avenue de Traore 29535 Chauveauboeuf"
299042432212506,Lemaître,Célina,rue Thomas Da Silva 45726 Pineau
118065626090505,Barre,Stéphanie,"22, boulevard Lacombe 20967 Leclercqnec"
133065626078074,Perrot,Martin,avenue Paul Labbé 89855 Sainte Inèsdan
282034809552289,Lagarde,Patricia,"48, avenue Aurore Barbe 13152 Maury"
209105439582932,Delattre,Suzanne,rue de Valette 69156 Saint Bernard
148035935031777,Chauvin,Joséphine,rue Clémence Pasquier 20794 Giraud-la-Forêt
188033604417014,Paul,William,"2, chemin de François 97150 Gay-sur-Legros"
208051220204744,Riou,Margaret,"775, avenue Chevallier 29837 NormandVille"
125052432266257,Lombard,Georges,"61, boulevard de Dufour 49949 Allain-sur-Maillard"
277058816023647,Ledoux,Alexandrie,"7, avenue Arthur Garnier 50739 Roche"
185021501487435,Michel,Denis,"3, avenue Pineau 51742 Caron"
219116613652533,Bourgeois,Élodie,"69, rue de Gaudin 16712 Saint Marcelle"
263057505653723,Leleu,Camille,"2, avenue de Marchand 43571 Roger"
246110810544129,Hamon,Luce,chemin de Girard 75695 Fernandes
289119710599509,Hoareau,Matthieu,"65, chemin René Raymond 02252 Maillard"
227033306379395,Royer,Henriette,"8, avenue Dorothée Lebon 17836 Perrin-sur-Techer"
213025313013636,Verdier,Valentine,"86, rue Adam 75549 Saint Noémi-la-Forêt"
151027919112469,Julien,Jacques,"9, chemin Alexandre Morel 92954 Renaud-sur-Duval"
118116444557383,Roger,Rémy,"97, rue Aurore Boucher 34387 Martins"
262088212167772,Gros,Agathe,rue de Roussel 25925 Imbert-sur-Dufour
204079122841201,De Oliveira,Camille,"74, rue Jeannine Nicolas 65739 Launay"
202087306508496,Foucher,Zoé,"854, avenue Germain 10911 Renard-sur-Mer"
142079730217521,Fouquet,Franck,"520, rue de Petitjean 42123 Pruvostdan"
237049741129180,Gomes,Andrée,rue de Nicolas 93244 Sainte Margaud
223056544066316,Lucas,Clémence,"59, rue de Cordier 69801 Lemonnier"
260108816033684,Briand,Michel,"64, rue Anne Morvan 10802 Jacquot-sur-Guilbert"
151060718690390,Torres,Jacques,"9, rue Lecoq 61193 Wagner"
141082808560080,Lenoir,Roger,"257, boulevard de Boyer 57690 Gillesnec"
258027864624495,Boulanger,Isaac,"233, avenue René Noël 67734 Maillet"
295066311364383,Laporte,Suzanne,avenue de Robert 05532 Sainte Claire
178063018941893,Paris,Olivie,"74, rue Marin 62674 Saint Manon"
261058100461781,Leroy,Virginie,"90, chemin Emmanuel Dubois 19644 Leclercboeuf"
247049001003735,Lesage,Sylvie,"680, avenue Evrard 18594 Muller"
258085626047806,Blanchet,Marc,"56, rue de Klein 34857 Sainte Marianne"
219077055096992,Lemonnier,Patricia,rue de Chrétien 53902 TexierBourg
193033523804815,Chevallier,Jules,"68, avenue de Dumas 59315 Allain-les-Bains"
118012505621506,Le Roux,Hugues,avenue Besson 05100 Ribeiro-sur-Joly
295050810587805,Paris,Martin,"9, avenue Christiane Bonneau 43142 Da CostaBourg"
249044604270876,Le Roux,Sylvie,"292, rue Claudine Bouvet 17158 Costa-sur-Garnier"
177106912387396,Lecomte,Alexandre,"6, avenue Guillon 67858 Saint Margot"
127054221895470,Pierre,Stéphane,"63, boulevard Bigot 48255 Vincent-sur-Blondel"
234059001042113,Labbé,Zacharie,"6, avenue Maryse Hervé 84685 Sainte Antoine"
170129001072844,Pineau,Patricia,"423, rue Thibault Michel 55910 Buissonnec"
196122432285982,Arnaud,Michelle,rue Stéphanie Pires 39486 Meunierdan
275120718627474,Alves,Marie,"69, chemin de Chrétien 54125 Aubert-sur-Mer"
184021803390086,Michaud,Lorraine,rue de Collin 95989 Galletdan
121065110826453,Jacquot,Olivie,"85, chemin Dijoux 27556 Guillonboeuf"
176027864668781,Gomez,Philippe,"95, chemin Maurice Barbier 14855 Bègue-sur-Maillet"
160121106983514,Andre,Madeleine,"23, rue de Lecoq 47753 Torres"
208080319029460,Lacroix,Valérie,"51, boulevard de Leroux 60778 CourtoisBourg"
296052722979277,Lemaître,Emmanuel,"25, avenue de Chrétien 53539 Sainte Odette"
105043523895739,Richard,Anastasie,"32, boulevard Rousset 66183 Jolynec"
203052808524763,Michaud,Gilbert,"71, rue Leroy 80230 Dupuy"
201031601565808,Le Roux,Agathe,"1, chemin de Lefèvre 07966 Riou"
114120506152570,Moulin,Nicole,"47, boulevard Couturier 44102 Gautierdan"
113121305572280,Mercier,Tristan,avenue de Picard 36395 Hardy-les-Bains
233036311323487,Sanchez,Camille,"46, boulevard de Leblanc 97182 Richard"
115081411813939,Pelletier,Jeannine,"20, boulevard Lemaire 51686 Hamel"
135051601563893,Dupré,Marianne,"5, boulevard de Verdier 58154 Marchal"
135110240874717,Delahaye,Jacques,"52, boulevard Lamy 24492 LouisVille"
153084019284083,Perrin,Margaux,"8, avenue Hoarau 38426 MartinezBourg"
213022309651631,Maréchal,Philippe,"7, boulevard Noël Fischer 05605 Saint Véronique"
238121501493757,Rocher,Bernard,"35, rue Madeleine Rocher 17209 Saint Gilles"
147030240849637,Bouvier,Noël,"46, rue Vasseur 82125 Marchal"
162112636202155,Jacques,Amélie,"78, rue Madeleine Menard 15625 Reynaud"
282026100119457,Jacques,Pierre,"83, rue Jacqueline Guillot 88922 MaillardBourg"
273029710509495,Boulanger,Alex,boulevard de Sauvage 77644 Devaux
234050240810577,Foucher,Margaux,rue Girard 20764 Pinto
221092505631333,Garcia,Adélaïde,"40, rue Alexandre Ledoux 97619 Philippedan"
214025502980068,Lagarde,Anne,rue Pinto 75445 Bonnin
278039741171754,Roux,Roger,"36, rue de Hamon 80325 Nicolas-les-Bains"
246019550045116,Barbier,Matthieu,"712, rue Gautier 03406 Mallet-la-Forêt"
240117401036611,Letellier,Théodore,"25, boulevard Deschamps 62442 Renard"
140046204113064,Tessier,Andrée,rue Marin 28794 Aubert
231122309697415,Lévêque,Théophile,"884, rue Monique Ramos 61431 GimenezVille"
172046100113509,Étienne,Capucine,"80, rue Boucher 13279 Lefort"
117077654060365,Renard,Valentine,"6, avenue de De Oliveira 48889 Guichard"
226021601575033,Chartier,Michelle,chemin Michel Rémy 57383 Delannoy
122073155500717,Richard,Andrée,"97, avenue de Marin 11208 Bazin"
297040718650790,Traore,Marine,"733, avenue Michelle Weber 95508 MaréchalBourg"
111024019224125,Riou,Maurice,"695, rue de Fontaine 47350 Menard"
284129205056659,Maillot,Roland,"86, rue de Dufour 32443 Saint Margot"
186114410963930,Raynaud,Simone,"53, avenue Robert Adam 09626 Martinez"
201026204109090,Mercier,Thibaut,"31, chemin Nguyen 36271 Roy-sur-Hebert"
246074221817792,Mercier,Manon,"54, chemin Jules Olivier 10693 Pages"
132129300834933,Labbé,Susanne,"29, rue Leduc 04164 Sainte Laurent-les-Bains"
279065439504934,Brunel,Georges,chemin Valette 66323 Legrand
107124019253290,Ferrand,Camille,rue Louis Lefort 20336 Sainte Augustin
190109710532087,Guillon,Julie,"30, boulevard Céline Gillet 12184 Giraudboeuf"
231089710549406,Lemaître,Mathilde,"17, rue Thomas Evrard 53628 Payet-sur-Rémy"
289099550020232,Chevalier,Lucas,rue Gomez 18496 Sainte Adèlenec
230078313795068,Maillot,Margaux,"56, rue Marguerite Olivier 77317 Delaunay"
189048100446757,Louis,Michelle,"51, rue de Pineau 47461 Sainte Christophe"
259122636240674,Marchand,Agnès,"15, rue de Seguin 24589 Dos Santos"
185114809513720,Gauthier,Jeannine,"163, boulevard de Martinez 56739 Besnard-sur-Lenoir"
284120407099647,Traore,Auguste,"279, boulevard Élisabeth Barthelemy 28329 Dias"
256109001084744,Roux,Michel,"92, rue Dijoux 44734 VasseurVille"
288065626030931,Hervé,Alexandrie,"89, chemin de Pons 01601 Peltierboeuf"
270111730039482,Bertrand,Élisabeth,"671, boulevard de Guillot 91819 Blanchet-sur-Rolland"
171124523447875,Chauveau,Marine,"9, rue Claudine Coste 20613 Moreau"
251057055012317,Lombard,Thibaut,"38, avenue Potier 75962 Foucher-la-Forêt"
285025746340215,Bousquet,Élisabeth,"34, rue de Normand 09510 Robin-les-Bains"
136060240805397,Reynaud,Michelle,"75, avenue Mahe 88936 Leblanc-sur-Mer"
235058619400512,Thierry,Margaux,"81, chemin de Weiss 74241 Fischer-sur-Mer"
104078619443222,Guérin,Alice,"23, boulevard Morel 86886 Henrynec"
136110240802115,Meunier,Joseph,chemin de Chevallier 10177 Martinez-sur-Letellier
183101038715216,Pruvost,Adèle,"32, avenue Suzanne Guyot 09188 Chevallier"
134122923228254,De Oliveira,Marthe,"85, boulevard de Jean 39568 Girauddan"
282088100481863,Teixeira,Clémence,"7, chemin de Da Silva 22617 Diaznec"
286033417260611,Pinto,Nicole,"1, chemin de Grenier 71750 Sainte Emmanuel"
109011038754697,Guillot,Julien,"78, rue Godard 73226 Baronboeuf"
241117055028454,Chauveau,Marc,"92, rue Vaillant 20186 Lefèvre-sur-Mer"
274075439547365,Raymond,Robert,"36, boulevard David Hamel 76869 Techer"
185046806617308,Noël,Emmanuel,"50, chemin de Roger 72851 Cohen"
