id,lastname,firstname,address,distance
1,Martin,Jean,140 rue de Paris,137
2,Bernard,Marie,168 rue de Toulouse,574
3,Dubois,Pierre,72 rue de Paris,863
4,Thomas,Sophie,9 rue de Toulouse,829
5,Robert,Luc,200 rue de Toulouse,906
6,Richard,Camille,79 rue de Marseille,840
7,Petit,Antoine,140 rue de Marseille,828
8,Durand,Isabelle,24 rue de Bordeaux,471
9,Lefevre,Julien,66 rue de Paris,278
10,Moreau,Charlotte,153 rue de Marseille,706
11,Garcia,Nicolas,118 rue de Bordeaux,574
12,Andre,Laurence,189 rue de Toulouse,748
13,Lemoine,Kevin,93 rue de Marseille,681
14,Roux,Elodie,61 rue de Lyon,603
15,Vincent,Bruno,169 rue de Paris,826
16,Guillaume,Manon,153 rue de Paris,649
17,Lacroix,Laurent,62 rue de Toulouse,882
18,Mercier,Sarah,4 rue de Toulouse,437
19,Blanc,Victor,30 rue de Bordeaux,160
20,Guerin,Celine,27 rue de Toulouse,957
